{"inputUnits":[22],"outputUnits":9,"inputs":{"0":{"dtype":"number","min":320.5128263777796,"max":386.6190097675249},"1":{"dtype":"number","min":107.02876703284593,"max":179.97029464068578},"2":{"dtype":"number","min":337.59261313115576,"max":408.08888060573474},"3":{"dtype":"number","min":94.87484468096426,"max":159.90670348883603},"4":{"dtype":"number","min":301.13133649417864,"max":372.1651212343446},"5":{"dtype":"number","min":93.0096459295963,"max":163.441973437595},"6":{"dtype":"number","min":370.31978028293713,"max":424.9012406048608},"7":{"dtype":"number","min":111.1020936483539,"max":170.92798849024197},"8":{"dtype":"number","min":276.194647109926,"max":332.193978751216},"9":{"dtype":"number","min":101.15366063693153,"max":183.06863391445768},"10":{"dtype":"number","min":404.7895516124681,"max":474.0054852674907},"11":{"dtype":"number","min":216.17982619467415,"max":263.82148594243984},"12":{"dtype":"number","min":239.6154404057603,"max":298.16553850582136},"13":{"dtype":"number","min":214.3699093829797,"max":269.683134323892},"14":{"dtype":"number","min":446.93795408256324,"max":616.9546461290887},"15":{"dtype":"number","min":201.25599901963767,"max":443.88997949978716},"16":{"dtype":"number","min":96.910122526295,"max":250.14508080389714},"17":{"dtype":"number","min":212.40098173980118,"max":453.50281830427707},"18":{"dtype":"number","min":319.85717402358,"max":622.2453622780886},"19":{"dtype":"number","min":104.88578707327639,"max":489.23136195320103},"20":{"dtype":"number","min":138.71197414769273,"max":426.1249871754925},"21":{"dtype":"number","min":97.51476955784898,"max":553.7055111302476}},"outputs":{"0":{"dtype":"string","min":0,"max":1,"uniqueValues":["c","l","r","u","d","o","a","b","t"],"legend":{"c":[1,0,0,0,0,0,0,0,0],"l":[0,1,0,0,0,0,0,0,0],"r":[0,0,1,0,0,0,0,0,0],"u":[0,0,0,1,0,0,0,0,0],"d":[0,0,0,0,1,0,0,0,0],"o":[0,0,0,0,0,1,0,0,0],"a":[0,0,0,0,0,0,1,0,0],"b":[0,0,0,0,0,0,0,1,0],"t":[0,0,0,0,0,0,0,0,1]}}},"isNormalized":true}